CriWare/src/adx/adxf/adx_fcch	1	1+0	0
CriWare/src/adx/adxf/adx_fini	2	0+1	1
CriWare/src/adx/adxf/adx_fs	25	17+0	8
CriWare/src/adx/adxt/adx_amp	4	4+0	0
CriWare/src/adx/adxt/adx_bahx	4	4+0	0
CriWare/src/adx/adxt/adx_baif	7	2+0	5
CriWare/src/adx/adxt/adx_bau	8	3+0	5
CriWare/src/adx/adxt/adx_bsc	44	40+1	3
CriWare/src/adx/adxt/adx_bsps	4	3+0	1
CriWare/src/adx/adxt/adx_bwav	8	4+0	4
CriWare/src/adx/adxt/adx_crs	6	4+2	0
CriWare/src/adx/adxt/adx_dcd	9	9+0	0
CriWare/src/adx/adxt/adx_dcd5	4	1+0	3
CriWare/src/adx/adxt/adx_errs	6	6+0	0
CriWare/src/adx/adxt/adx_fsvr	2	2+0	0
CriWare/src/adx/adxt/adx_inis	7	5+0	2
CriWare/src/adx/adxt/adx_lsc	1	1+0	0
CriWare/src/adx/adxt/adx_mng	2	2+0	0
CriWare/src/adx/adxt/adx_sfa	2	2+0	0
CriWare/src/adx/adxt/adx_sjd	44	36+0	8
CriWare/src/adx/adxt/adx_stmc	32	27+1	4
CriWare/src/adx/adxt/adx_tlk	45	37+1	7
CriWare/src/adx/adxt/adx_tlk2	3	3+0	0
CriWare/src/adx/adxt/adx_tsvr	11	4+0	7
CriWare/src/adx/adxt/adx_xpnd	17	15+2	0
CriWare/src/adx/adxt/srcwii/adx_mwii	18	12+0	6
CriWare/src/adx/adxt/srcwii/adx_rnawii	18	18+0	0
CriWare/src/adx/adxt/srcwii/adx_suwii	2	1+0	1
CriWare/src/adx/ahx/adx_hdr	3	1+1	1
CriWare/src/adx/ahx/ahx_atbl	2	2+0	0
CriWare/src/adx/ahx/ahx_bsr	8	5+0	3
CriWare/src/adx/ahx/ahx_cmn	2	1+1	0
CriWare/src/adx/ahx/ahx_dcd	24	19+0	5
CriWare/src/adx/ahx/ahx_ftbl	1	1+0	0
CriWare/src/adx/ahx/ahx_link	6	6+0	0
CriWare/src/adx/ahx/ahx_mflt_c	1	0+0	1
CriWare/src/adx/ahx/ahx_mwin2_c	16	16+0	0
CriWare/src/adx/ahx/ahx_sbf	7	6+0	1
CriWare/src/adx/ahx/ahx_sbf2	1	0+0	1
CriWare/src/adx/ahx/ahx_sjd	17	14+0	3
CriWare/src/adx/ahx/ahx_wtbl	1	1+0	0
CriWare/src/adx/cricfg/cfg_lib	1	1+0	0
CriWare/src/adx/cvfs/cri_cvfs	15	9+1	5
CriWare/src/adx/gcci/gcci	17	13+1	3
CriWare/src/adx/gcci/gcci_sub	1	1+0	0
CriWare/src/adx/lsc/lsc	16	15+0	1
CriWare/src/adx/lsc/lsc_crs	4	4+0	0
CriWare/src/adx/lsc/lsc_err	2	1+1	0
CriWare/src/adx/lsc/lsc_ini	2	2+0	0
CriWare/src/adx/lsc/lsc_svr	3	1+0	2
CriWare/src/adx/mfci/mfci	16	10+0	6
CriWare/src/adx/sj/sj_crs	4	2+2	0
CriWare/src/adx/sj/sj_err	1	1+0	0
CriWare/src/adx/sj/sj_mem	19	17+0	2
CriWare/src/adx/sj/sj_rbf	23	23+0	0
CriWare/src/adx/sj/sj_uni	21	20+0	1
CriWare/src/adx/sj/sj_utl	2	0+1	1
CriWare/src/adx/std/cri_crw_std	8	8+0	0
CriWare/src/adx/svm/svm	25	5+1	19
CriWare/src/adx/wiirna/ax_rna	24	22+0	2
CriWare/src/adx/wiirna/rna_crs	2	2+0	0
CriWare/src/adx/wiirna/rna_err	2	2+0	0
CriWare/src/sofdec/cft/cft_common	1	1+0	0
CriWare/src/sofdec/cft/srcgc/cftyp422_ppc	2	0+0	2
CriWare/src/sofdec/mwply/code_803A3AE4	5	5+0	0
CriWare/src/sofdec/mwply/mwsfdcre	20	6+1	13
CriWare/src/sofdec/mwply/mwsfdfrm	13	6+1	6
CriWare/src/sofdec/mwply/mwsfdlib	9	6+0	3
CriWare/src/sofdec/mwply/mwsfdply	13	8+0	5
CriWare/src/sofdec/mwply/mwsfdrna	2	2+0	0
CriWare/src/sofdec/mwply/mwsfdrsc	2	2+0	0
CriWare/src/sofdec/mwply/mwsfdsee	2	2+0	0
CriWare/src/sofdec/mwply/mwsfdset	15	14+0	1
CriWare/src/sofdec/mwply/mwsfdsfx	22	16+0	6
CriWare/src/sofdec/mwply/mwsfdsl	10	5+0	5
CriWare/src/sofdec/mwply/mwsfdsst	13	12+0	1
CriWare/src/sofdec/mwply/mwsfdsvm	7	6+0	1
CriWare/src/sofdec/mwply/mwsfdsvr	18	11+0	7
CriWare/src/sofdec/mwply/mwsfx_Y84C44	1	0+0	1
CriWare/src/sofdec/mwply/mwstm	10	10+0	0
CriWare/src/sofdec/sfdcore/dct/dct_ac	2	0+0	2
CriWare/src/sofdec/sfdcore/dct/dct_isr	6	2+0	4
CriWare/src/sofdec/sfdcore/dct/dct_ver	2	2+0	0
CriWare/src/sofdec/sfdcore/memcpy/mcp_not	1	1+0	0
CriWare/src/sofdec/sfdcore/mps/mps_dec	11	7+0	4
CriWare/src/sofdec/sfdcore/mps/mps_del	1	0+1	0
CriWare/src/sofdec/sfdcore/mps/mps_get	6	6+0	0
CriWare/src/sofdec/sfdcore/mps/mps_lib	8	6+1	1
CriWare/src/sofdec/sfdcore/mpv/mpv_bdec	2	1+0	1
CriWare/src/sofdec/sfdcore/mpv/mpv_cdec	5	3+1	1
CriWare/src/sofdec/sfdcore/mpv/mpv_cmc	4	1+3	0
CriWare/src/sofdec/sfdcore/mpv/mpv_dec	7	2+0	5
CriWare/src/sofdec/sfdcore/mpv/mpv_deli	5	5+0	0
CriWare/src/sofdec/sfdcore/mpv/mpv_emp	2	0+0	2
CriWare/src/sofdec/sfdcore/mpv/mpv_err	4	3+0	1
CriWare/src/sofdec/sfdcore/mpv/mpv_frm	4	2+0	2
CriWare/src/sofdec/sfdcore/mpv/mpv_get	4	3+0	1
CriWare/src/sofdec/sfdcore/mpv/mpv_hdec	17	9+0	8
CriWare/src/sofdec/sfdcore/mpv/mpv_lib	13	6+1	6
CriWare/src/sofdec/sfdcore/mpv/mpv_m2v	9	9+0	0
CriWare/src/sofdec/sfdcore/mpv/mpv_mc	5	0+2	3
CriWare/src/sofdec/sfdcore/mpv/mpv_mcy	5	1+0	4
CriWare/src/sofdec/sfdcore/mpv/mpv_slice	6	5+0	1
CriWare/src/sofdec/sfdcore/mpv/mpv_umc	15	3+2	10
CriWare/src/sofdec/sfdcore/mpv/mpv_vlc	17	2+6	9
CriWare/src/sofdec/sfdcore/mpv/mpvabdec	4	0+1	3
CriWare/src/sofdec/sfdcore/sfd/code_803BFD20	1	0+1	0
CriWare/src/sofdec/sfdcore/sfd/sfd_adxt	30	21+1	8
CriWare/src/sofdec/sfdcore/sfd/sfd_aoap	17	17+0	0
CriWare/src/sofdec/sfdcore/sfd/sfd_buf	32	19+5	8
CriWare/src/sofdec/sfdcore/sfd/sfd_con	7	7+0	0
CriWare/src/sofdec/sfdcore/sfd/sfd_hds	10	5+2	3
CriWare/src/sofdec/sfdcore/sfd/sfd_lib	10	9+0	1
CriWare/src/sofdec/sfdcore/sfd/sfd_mem	14	14+0	0
CriWare/src/sofdec/sfdcore/sfd/sfd_mps	36	25+2	9
CriWare/src/sofdec/sfdcore/sfd/sfd_mpv	51	32+2	17
CriWare/src/sofdec/sfdcore/sfd/sfd_mpvf	26	16+3	7
CriWare/src/sofdec/sfdcore/sfd/sfd_pl2	5	3+0	2
CriWare/src/sofdec/sfdcore/sfd/sfd_ply	30	18+2	10
CriWare/src/sofdec/sfdcore/sfd/sfd_pts	7	5+1	1
CriWare/src/sofdec/sfdcore/sfd/sfd_see	11	9+0	2
CriWare/src/sofdec/sfdcore/sfd/sfd_seeki	2	2+0	0
CriWare/src/sofdec/sfdcore/sfd/sfd_set	7	6+1	0
CriWare/src/sofdec/sfdcore/sfd/sfd_tim	46	28+10	8
CriWare/src/sofdec/sfdcore/sfd/sfd_tmr	4	2+0	2
CriWare/src/sofdec/sfdcore/sfd/sfd_trn	11	9+2	0
CriWare/src/sofdec/sfdcore/sfd/sfd_tst	13	11+0	2
CriWare/src/sofdec/sfdcore/sfd/sfd_uo	15	15+0	0
CriWare/src/sofdec/sfdcore/sfd/sfd_vom	14	14+0	0
CriWare/src/sofdec/sfdcore/sfh/sfh_local	4	4+0	0
CriWare/src/sofdec/sfdcore/sfh/sfh_main	39	38+1	0
CriWare/src/sofdec/sfdcore/sfh/sfh_ver1	38	34+3	1
CriWare/src/sofdec/sfdcore/sfh/sfh_ver2	39	31+2	6
CriWare/src/sofdec/sfdcore/uty/cmptime	1	0+1	0
CriWare/src/sofdec/sfdcore/uty/memcpyd	1	1+0	0
CriWare/src/sofdec/sfdcore/uty/memsetd	1	1+0	0
CriWare/src/sofdec/sfdcore/uty/muldiv	1	0+1	0
CriWare/src/sofdec/sfdcore/uty/muldivr	1	1+0	0
CriWare/src/sofdec/sfdcore/uty/uty_tmr	5	2+2	1
CriWare/src/sofdec/sfx/sfx_alp	7	5+1	1
CriWare/src/sofdec/sfx/sfx_cnv	16	9+0	7
CriWare/src/sofdec/sfx/sfx_cnv_to_Y84C44	1	1+0	0
CriWare/src/sofdec/sfx/sfx_inf	1	1+0	0
CriWare/src/sofdec/sfx/sfx_lib	8	5+0	3
CriWare/src/sofdec/sfx/sfx_set	10	9+1	0
CriWare/src/sofdec/sfx/sfx_sud	1	1+0	0
CriWare/src/sofdec/sfx/sfx_zmv	11	3+1	7
CriWare/src/sofdec/sud/sud_lib	4	2+1	1
NdevExi2A/src/DebuggerDriver	9	9+0	0
NdevExi2A/src/exi2	6	6+0	0
PowerPC_EABI_Support/src/MSL_C/MSL_Common/FILE_POS	3	3+0	0
PowerPC_EABI_Support/src/MSL_C/MSL_Common/alloc	4	4+0	0
PowerPC_EABI_Support/src/MSL_C/MSL_Common/ansi_files	2	2+0	0
PowerPC_EABI_Support/src/MSL_C/MSL_Common/arith	2	2+0	0
PowerPC_EABI_Support/src/MSL_C/MSL_Common/buffer_io	2	1+1	0
PowerPC_EABI_Support/src/MSL_C/MSL_Common/direct_io	1	1+0	0
PowerPC_EABI_Support/src/MSL_C/MSL_Common/extras	1	1+0	0
PowerPC_EABI_Support/src/MSL_C/MSL_Common/file_io	2	2+0	0
PowerPC_EABI_Support/src/MSL_C/MSL_Common/math_api	3	3+0	0
PowerPC_EABI_Support/src/MSL_C/MSL_Common/math_double	1	1+0	0
PowerPC_EABI_Support/src/MSL_C/MSL_Common/mbstring	5	5+0	0
PowerPC_EABI_Support/src/MSL_C/MSL_Common/mem	4	4+0	0
PowerPC_EABI_Support/src/MSL_C/MSL_Common/mem_funcs	4	3+0	1
PowerPC_EABI_Support/src/MSL_C/MSL_Common/misc_io	1	1+0	0
PowerPC_EABI_Support/src/MSL_C/MSL_Common/printf	14	14+0	0
PowerPC_EABI_Support/src/MSL_C/MSL_Common/rand	1	1+0	0
PowerPC_EABI_Support/src/MSL_C/MSL_Common/scanf	4	4+0	0
PowerPC_EABI_Support/src/MSL_C/MSL_Common/secure_error	1	1+0	0
PowerPC_EABI_Support/src/MSL_C/MSL_Common/signal	1	1+0	0
PowerPC_EABI_Support/src/MSL_C/MSL_Common/string	8	8+0	0
PowerPC_EABI_Support/src/MSL_C/MSL_Common/strtold	2	2+0	0
PowerPC_EABI_Support/src/MSL_C/MSL_Common/strtoul	4	4+0	0
PowerPC_EABI_Support/src/MSL_C/MSL_Common/wchar_io	1	1+0	0
PowerPC_EABI_Support/src/MSL_C/MSL_Common/wcstoul	2	2+0	0
PowerPC_EABI_Support/src/MSL_C/MSL_Common/wmem	2	2+0	0
PowerPC_EABI_Support/src/MSL_C/MSL_Common/wprintf	9	9+0	0
PowerPC_EABI_Support/src/MSL_C/MSL_Common/wscanf	1	1+0	0
PowerPC_EABI_Support/src/MSL_C/MSL_Common/wstring	5	5+0	0
PowerPC_EABI_Support/src/MSL_C/MSL_Common_Embedded/Math/Double_precision/e_acos	1	1+0	0
PowerPC_EABI_Support/src/MSL_C/MSL_Common_Embedded/Math/Double_precision/e_asin	1	1+0	0
PowerPC_EABI_Support/src/MSL_C/MSL_Common_Embedded/Math/Double_precision/e_atan2	1	1+0	0
PowerPC_EABI_Support/src/MSL_C/MSL_Common_Embedded/Math/Double_precision/e_fmod	1	1+0	0
PowerPC_EABI_Support/src/MSL_C/MSL_Common_Embedded/Math/Double_precision/e_log	1	1+0	0
PowerPC_EABI_Support/src/MSL_C/MSL_Common_Embedded/Math/Double_precision/e_log10	1	1+0	0
PowerPC_EABI_Support/src/MSL_C/MSL_Common_Embedded/Math/Double_precision/e_pow	1	1+0	0
PowerPC_EABI_Support/src/MSL_C/MSL_Common_Embedded/Math/Double_precision/e_rem_pio2	1	1+0	0
PowerPC_EABI_Support/src/MSL_C/MSL_Common_Embedded/Math/Double_precision/e_sqrt	1	1+0	0
PowerPC_EABI_Support/src/MSL_C/MSL_Common_Embedded/Math/Double_precision/k_cos	1	1+0	0
PowerPC_EABI_Support/src/MSL_C/MSL_Common_Embedded/Math/Double_precision/k_rem_pio2	1	1+0	0
PowerPC_EABI_Support/src/MSL_C/MSL_Common_Embedded/Math/Double_precision/k_sin	1	1+0	0
PowerPC_EABI_Support/src/MSL_C/MSL_Common_Embedded/Math/Double_precision/k_tan	1	1+0	0
PowerPC_EABI_Support/src/MSL_C/MSL_Common_Embedded/Math/Double_precision/s_atan	1	1+0	0
PowerPC_EABI_Support/src/MSL_C/MSL_Common_Embedded/Math/Double_precision/s_ceil	1	1+0	0
PowerPC_EABI_Support/src/MSL_C/MSL_Common_Embedded/Math/Double_precision/s_copysign	1	1+0	0
PowerPC_EABI_Support/src/MSL_C/MSL_Common_Embedded/Math/Double_precision/s_cos	1	1+0	0
PowerPC_EABI_Support/src/MSL_C/MSL_Common_Embedded/Math/Double_precision/s_floor	1	1+0	0
PowerPC_EABI_Support/src/MSL_C/MSL_Common_Embedded/Math/Double_precision/s_frexp	1	1+0	0
PowerPC_EABI_Support/src/MSL_C/MSL_Common_Embedded/Math/Double_precision/s_ldexp	1	1+0	0
PowerPC_EABI_Support/src/MSL_C/MSL_Common_Embedded/Math/Double_precision/s_modf	1	1+0	0
PowerPC_EABI_Support/src/MSL_C/MSL_Common_Embedded/Math/Double_precision/s_sin	1	1+0	0
PowerPC_EABI_Support/src/MSL_C/MSL_Common_Embedded/Math/Double_precision/s_tan	1	1+0	0
PowerPC_EABI_Support/src/MSL_C/MSL_Common_Embedded/Math/Double_precision/w_acos	1	1+0	0
PowerPC_EABI_Support/src/MSL_C/MSL_Common_Embedded/Math/Double_precision/w_asin	1	1+0	0
PowerPC_EABI_Support/src/MSL_C/MSL_Common_Embedded/Math/Double_precision/w_atan2	1	1+0	0
PowerPC_EABI_Support/src/MSL_C/MSL_Common_Embedded/Math/Double_precision/w_fmod	1	1+0	0
PowerPC_EABI_Support/src/MSL_C/MSL_Common_Embedded/Math/Double_precision/w_log	1	1+0	0
PowerPC_EABI_Support/src/MSL_C/MSL_Common_Embedded/Math/Double_precision/w_log10	1	1+0	0
PowerPC_EABI_Support/src/MSL_C/MSL_Common_Embedded/Math/Double_precision/w_pow	1	1+0	0
PowerPC_EABI_Support/src/MSL_C/MSL_Common_Embedded/Math/Double_precision/w_sqrt	1	1+0	0
PowerPC_EABI_Support/src/MSL_C/MSL_Common_Embedded/ansi_fp	10	10+0	0
PowerPC_EABI_Support/src/MSL_C/MSL_Common_Embedded/math_sun	1	1+0	0
PowerPC_EABI_Support/src/MSL_C/PPC_EABI/abort_exit_ppc_eabi	1	1+0	0
PowerPC_EABI_Support/src/MSL_C/PPC_EABI/math_ppc	1	1+0	0
PowerPC_EABI_Support/src/MSL_C/PPC_EABI/uart_console_io_gcn	2	2+0	0
PowerPC_EABI_Support/src/MetroTRK/custconn/CircleBuffer	4	4+0	0
PowerPC_EABI_Support/src/MetroTRK/custconn/MWCriticalSection_gc	3	3+0	0
PowerPC_EABI_Support/src/MetroTRK/custconn/cc_gdev	10	10+0	0
PowerPC_EABI_Support/src/MetroTRK/dispatch	1	1+0	0
PowerPC_EABI_Support/src/MetroTRK/dolphin_trk	7	7+0	0
PowerPC_EABI_Support/src/MetroTRK/dolphin_trk_glue	13	13+0	0
PowerPC_EABI_Support/src/MetroTRK/flush_cache	1	1+0	0
PowerPC_EABI_Support/src/MetroTRK/main_TRK	1	1+0	0
PowerPC_EABI_Support/src/MetroTRK/mainloop	1	1+0	0
PowerPC_EABI_Support/src/MetroTRK/mem_TRK	2	2+0	0
PowerPC_EABI_Support/src/MetroTRK/mpc_7xx_603e	2	2+0	0
PowerPC_EABI_Support/src/MetroTRK/msg	1	1+0	0
PowerPC_EABI_Support/src/MetroTRK/msgbuf	15	15+0	0
PowerPC_EABI_Support/src/MetroTRK/msghndlr	13	13+0	0
PowerPC_EABI_Support/src/MetroTRK/mslsupp	5	5+0	0
PowerPC_EABI_Support/src/MetroTRK/notify	1	1+0	0
PowerPC_EABI_Support/src/MetroTRK/nubevent	5	5+0	0
PowerPC_EABI_Support/src/MetroTRK/nubinit	4	4+0	0
PowerPC_EABI_Support/src/MetroTRK/serpoll	5	5+0	0
PowerPC_EABI_Support/src/MetroTRK/string_TRK	1	1+0	0
PowerPC_EABI_Support/src/MetroTRK/support	5	5+0	0
PowerPC_EABI_Support/src/MetroTRK/targcont	1	1+0	0
PowerPC_EABI_Support/src/MetroTRK/target_options	2	2+0	0
PowerPC_EABI_Support/src/MetroTRK/targimpl	34	34+0	0
PowerPC_EABI_Support/src/Runtime/GCN_mem_alloc	1	1+0	0
PowerPC_EABI_Support/src/Runtime/Gecko_ExceptionPPC	10	10+0	0
PowerPC_EABI_Support/src/Runtime/MWRTTI	3	3+0	0
PowerPC_EABI_Support/src/Runtime/NMWException	8	8+0	0
PowerPC_EABI_Support/src/Runtime/__init_cpp_exceptions	2	2+0	0
PowerPC_EABI_Support/src/Runtime/__mem	4	4+0	0
PowerPC_EABI_Support/src/Runtime/__va_arg	1	1+0	0
PowerPC_EABI_Support/src/Runtime/global_destructor_chain	2	2+0	0
PowerPC_EABI_Support/src/Runtime/ptmf	3	3+0	0
PowerPC_EABI_Support/src/Runtime/runtime	13	13+0	0
RVL_SDK/src/revolution/ai/ai	12	12+0	0
RVL_SDK/src/revolution/arc/arc	12	12+0	0
RVL_SDK/src/revolution/ax/AX	3	3+0	0
RVL_SDK/src/revolution/ax/AXAlloc	10	10+0	0
RVL_SDK/src/revolution/ax/AXAux	23	23+0	0
RVL_SDK/src/revolution/ax/AXCL	14	14+0	0
RVL_SDK/src/revolution/ax/AXOut	13	11+0	2
RVL_SDK/src/revolution/ax/AXProf	1	1+0	0
RVL_SDK/src/revolution/ax/AXSPB	7	7+0	0
RVL_SDK/src/revolution/ax/AXVPB	15	15+0	0
RVL_SDK/src/revolution/axfx/AXFXChorusExp	7	3+0	4
RVL_SDK/src/revolution/axfx/AXFXChorusExpDpl2	7	3+0	4
RVL_SDK/src/revolution/axfx/AXFXDelayExp	7	7+0	0
RVL_SDK/src/revolution/axfx/AXFXDelayExpDpl2	7	6+0	1
RVL_SDK/src/revolution/axfx/AXFXHooks	4	4+0	0
RVL_SDK/src/revolution/axfx/AXFXLfoTable	1	1+0	0
RVL_SDK/src/revolution/axfx/AXFXReverbHi	3	3+0	0
RVL_SDK/src/revolution/axfx/AXFXReverbHiExp	7	7+0	0
RVL_SDK/src/revolution/axfx/AXFXReverbStdExp	10	8+0	2
RVL_SDK/src/revolution/axfx/AXFXReverbStdExpDpl2	10	8+0	2
RVL_SDK/src/revolution/axfx/AXFXSrcCoef	1	1+0	0
RVL_SDK/src/revolution/base/PPCArch	23	23+0	0
RVL_SDK/src/revolution/bte/bta/dm/bta_dm_act	56	53+0	3
RVL_SDK/src/revolution/bte/bta/dm/bta_dm_api	11	11+0	0
RVL_SDK/src/revolution/bte/bta/dm/bta_dm_main	2	2+0	0
RVL_SDK/src/revolution/bte/bta/dm/bta_dm_pm	8	5+0	3
RVL_SDK/src/revolution/bte/bta/hh/bta_hh_act	18	18+0	0
RVL_SDK/src/revolution/bte/bta/hh/bta_hh_api	8	8+0	0
RVL_SDK/src/revolution/bte/bta/hh/bta_hh_main	3	3+0	0
RVL_SDK/src/revolution/bte/bta/hh/bta_hh_utils	5	5+0	0
RVL_SDK/src/revolution/bte/bta/sys/bd	2	1+1	0
RVL_SDK/src/revolution/bte/bta/sys/bta_sys_conn	8	8+0	0
RVL_SDK/src/revolution/bte/bta/sys/bta_sys_main	9	9+0	0
RVL_SDK/src/revolution/bte/bta/sys/ptim	4	4+0	0
RVL_SDK/src/revolution/bte/bta/sys/utl	1	1+0	0
RVL_SDK/src/revolution/bte/gki/gki_buffer	18	18+0	0
RVL_SDK/src/revolution/bte/gki/gki_ppc	13	13+0	0
RVL_SDK/src/revolution/bte/gki/gki_time	8	8+0	0
RVL_SDK/src/revolution/bte/hci/hcisu_h2	8	6+0	2
RVL_SDK/src/revolution/bte/hci/uusb_ppc	11	6+2	3
RVL_SDK/src/revolution/bte/main/bte_hcisu	4	4+0	0
RVL_SDK/src/revolution/bte/main/bte_init	1	1+0	0
RVL_SDK/src/revolution/bte/main/bte_logmsg	8	8+0	0
RVL_SDK/src/revolution/bte/main/bte_main	4	4+0	0
RVL_SDK/src/revolution/bte/main/btu_task1	4	4+0	0
RVL_SDK/src/revolution/bte/stack/btm/btm_acl	29	25+3	1
RVL_SDK/src/revolution/bte/stack/btm/btm_dev	7	7+0	0
RVL_SDK/src/revolution/bte/stack/btm/btm_devctl	33	33+0	0
RVL_SDK/src/revolution/bte/stack/btm/btm_discovery	3	3+0	0
RVL_SDK/src/revolution/bte/stack/btm/btm_inq	25	20+1	4
RVL_SDK/src/revolution/bte/stack/btm/btm_main	1	1+0	0
RVL_SDK/src/revolution/bte/stack/btm/btm_pm	10	10+0	0
RVL_SDK/src/revolution/bte/stack/btm/btm_sco	15	14+1	0
RVL_SDK/src/revolution/bte/stack/btm/btm_sec	31	29+0	2
RVL_SDK/src/revolution/bte/stack/btu/btu_hcif	12	11+0	1
RVL_SDK/src/revolution/bte/stack/btu/btu_init	2	2+0	0
RVL_SDK/src/revolution/bte/stack/gap/gap_api	1	1+0	0
RVL_SDK/src/revolution/bte/stack/gap/gap_conn	8	8+0	0
RVL_SDK/src/revolution/bte/stack/gap/gap_utils	6	6+0	0
RVL_SDK/src/revolution/bte/stack/hcic/hcicmds	59	50+7	2
RVL_SDK/src/revolution/bte/stack/hid/hidd_api	1	1+0	0
RVL_SDK/src/revolution/bte/stack/hid/hidd_conn	1	1+0	0
RVL_SDK/src/revolution/bte/stack/hid/hidd_mgmt	1	1+0	0
RVL_SDK/src/revolution/bte/stack/hid/hidd_pm	3	3+0	0
RVL_SDK/src/revolution/bte/stack/hid/hidh_api	11	11+0	0
RVL_SDK/src/revolution/bte/stack/hid/hidh_conn	16	16+0	0
RVL_SDK/src/revolution/bte/stack/l2cap/l2c_api	13	13+0	0
RVL_SDK/src/revolution/bte/stack/l2cap/l2c_csm	11	9+0	2
RVL_SDK/src/revolution/bte/stack/l2cap/l2c_link	17	16+0	1
RVL_SDK/src/revolution/bte/stack/l2cap/l2c_main	5	3+0	2
RVL_SDK/src/revolution/bte/stack/l2cap/l2c_utils	33	33+0	0
RVL_SDK/src/revolution/bte/stack/rfcomm/port_api	1	1+0	0
RVL_SDK/src/revolution/bte/stack/rfcomm/port_rfc	18	17+0	1
RVL_SDK/src/revolution/bte/stack/rfcomm/port_utils	7	7+0	0
RVL_SDK/src/revolution/bte/stack/rfcomm/rfc_l2cap_if	10	10+0	0
RVL_SDK/src/revolution/bte/stack/rfcomm/rfc_mx_fsm	10	10+0	0
RVL_SDK/src/revolution/bte/stack/rfcomm/rfc_port_fsm	17	17+0	0
RVL_SDK/src/revolution/bte/stack/rfcomm/rfc_port_if	12	12+0	0
RVL_SDK/src/revolution/bte/stack/rfcomm/rfc_ts_frames	15	15+0	0
RVL_SDK/src/revolution/bte/stack/rfcomm/rfc_utils	15	14+1	0
RVL_SDK/src/revolution/bte/stack/sdp/sdp_api	9	7+0	2
RVL_SDK/src/revolution/bte/stack/sdp/sdp_db	10	9+0	1
RVL_SDK/src/revolution/bte/stack/sdp/sdp_discovery	10	8+0	2
RVL_SDK/src/revolution/bte/stack/sdp/sdp_main	11	10+0	1
RVL_SDK/src/revolution/bte/stack/sdp/sdp_server	4	0+0	4
RVL_SDK/src/revolution/bte/stack/sdp/sdp_utils	13	13+0	0
RVL_SDK/src/revolution/bte/stack/wbt/wbt_ext	1	1+0	0
RVL_SDK/src/revolution/cx/CXSecureUncompression	1	1+0	0
RVL_SDK/src/revolution/cx/CXStreamingUncompression	2	1+0	1
RVL_SDK/src/revolution/cx/CXUncompression	2	1+0	1
RVL_SDK/src/revolution/db/db	5	5+0	0
RVL_SDK/src/revolution/dsp/dsp	9	9+0	0
RVL_SDK/src/revolution/dsp/dsp_debug	1	1+0	0
RVL_SDK/src/revolution/dsp/dsp_task	5	5+0	0
RVL_SDK/src/revolution/dvd/dvd	51	51+0	0
RVL_SDK/src/revolution/dvd/dvdDeviceError	2	2+0	0
RVL_SDK/src/revolution/dvd/dvdFatal	4	4+0	0
RVL_SDK/src/revolution/dvd/dvd_broadway	32	32+0	0
RVL_SDK/src/revolution/dvd/dvderror	14	14+0	0
RVL_SDK/src/revolution/dvd/dvdfs	11	11+0	0
RVL_SDK/src/revolution/dvd/dvdidutils	1	1+0	0
RVL_SDK/src/revolution/dvd/dvdqueue	6	6+0	0
RVL_SDK/src/revolution/enc/encunicode	3	3+0	0
RVL_SDK/src/revolution/enc/encutility	3	3+0	0
RVL_SDK/src/revolution/esp/esp	9	9+0	0
RVL_SDK/src/revolution/euart/euart	3	3+0	0
RVL_SDK/src/revolution/exi/EXIBios	19	19+0	0
RVL_SDK/src/revolution/exi/EXICommon	1	1+0	0
RVL_SDK/src/revolution/exi/EXIUart	2	2+0	0
RVL_SDK/src/revolution/fs/fs	25	25+0	0
RVL_SDK/src/revolution/gx/GXAttr	11	11+0	0
RVL_SDK/src/revolution/gx/GXBump	10	10+0	0
RVL_SDK/src/revolution/gx/GXDisplayList	1	1+0	0
RVL_SDK/src/revolution/gx/GXFifo	13	10+2	1
RVL_SDK/src/revolution/gx/GXFrameBuf	15	12+3	0
RVL_SDK/src/revolution/gx/GXGeometry	9	9+0	0
RVL_SDK/src/revolution/gx/GXInit	6	6+0	0
RVL_SDK/src/revolution/gx/GXLight	16	16+0	0
RVL_SDK/src/revolution/gx/GXMisc	22	22+0	0
RVL_SDK/src/revolution/gx/GXPerf	2	2+0	0
RVL_SDK/src/revolution/gx/GXPixel	13	13+0	0
RVL_SDK/src/revolution/gx/GXTev	16	15+1	0
RVL_SDK/src/revolution/gx/GXTexture	32	30+0	2
RVL_SDK/src/revolution/gx/GXTransform	16	16+0	0
RVL_SDK/src/revolution/hbm/HBMAnmController	3	3+0	0
RVL_SDK/src/revolution/hbm/HBMAxSound	10	10+0	0
RVL_SDK/src/revolution/hbm/HBMBase	33	31+0	2
RVL_SDK/src/revolution/hbm/HBMCommon	11	11+0	0
RVL_SDK/src/revolution/hbm/HBMController	25	25+0	0
RVL_SDK/src/revolution/hbm/HBMFrameController	3	3+0	0
RVL_SDK/src/revolution/hbm/HBMGUIManager	56	56+0	0
RVL_SDK/src/revolution/hbm/HBMRemoteSpk	15	15+0	0
RVL_SDK/src/revolution/hbm/mix	15	15+0	0
RVL_SDK/src/revolution/hbm/nw4hbm/lyt/lyt_animation	11	11+0	0
RVL_SDK/src/revolution/hbm/nw4hbm/lyt/lyt_arcResourceAccessor	6	5+0	1
RVL_SDK/src/revolution/hbm/nw4hbm/lyt/lyt_bounding	6	6+0	0
RVL_SDK/src/revolution/hbm/nw4hbm/lyt/lyt_common	16	15+0	1
RVL_SDK/src/revolution/hbm/nw4hbm/lyt/lyt_drawInfo	2	2+0	0
RVL_SDK/src/revolution/hbm/nw4hbm/lyt/lyt_group	5	5+0	0
RVL_SDK/src/revolution/hbm/nw4hbm/lyt/lyt_layout	15	13+0	2
RVL_SDK/src/revolution/hbm/nw4hbm/lyt/lyt_material	23	22+0	1
RVL_SDK/src/revolution/hbm/nw4hbm/lyt/lyt_pane	28	22+0	6
RVL_SDK/src/revolution/hbm/nw4hbm/lyt/lyt_picture	11	11+0	0
RVL_SDK/src/revolution/hbm/nw4hbm/lyt/lyt_resourceAccessor	3	3+0	0
RVL_SDK/src/revolution/hbm/nw4hbm/lyt/lyt_textBox	16	13+0	3
RVL_SDK/src/revolution/hbm/nw4hbm/lyt/lyt_window	20	20+0	0
RVL_SDK/src/revolution/hbm/nw4hbm/math/math_triangular	3	3+0	0
RVL_SDK/src/revolution/hbm/nw4hbm/ut/ut_CharStrmReader	4	4+0	0
RVL_SDK/src/revolution/hbm/nw4hbm/ut/ut_CharWriter	26	25+0	1
RVL_SDK/src/revolution/hbm/nw4hbm/ut/ut_Font	1	1+0	0
RVL_SDK/src/revolution/hbm/nw4hbm/ut/ut_LinkList	3	3+0	0
RVL_SDK/src/revolution/hbm/nw4hbm/ut/ut_ResFont	4	4+0	0
RVL_SDK/src/revolution/hbm/nw4hbm/ut/ut_ResFontBase	24	24+0	0
RVL_SDK/src/revolution/hbm/nw4hbm/ut/ut_TagProcessorBase	12	12+0	0
RVL_SDK/src/revolution/hbm/nw4hbm/ut/ut_TextWriterBase	83	81+0	2
RVL_SDK/src/revolution/hbm/nw4hbm/ut/ut_binaryFileFormat	1	1+0	0
RVL_SDK/src/revolution/hbm/nw4hbm/ut/ut_list	5	5+0	0
RVL_SDK/src/revolution/hbm/seq	10	6+0	4
RVL_SDK/src/revolution/hbm/syn	8	8+0	0
RVL_SDK/src/revolution/hbm/synctrl	4	3+1	0
RVL_SDK/src/revolution/hbm/synenv	2	1+0	1
RVL_SDK/src/revolution/hbm/synmix	5	5+0	0
RVL_SDK/src/revolution/hbm/synpitch	4	3+0	1
RVL_SDK/src/revolution/hbm/synsample	4	3+1	0
RVL_SDK/src/revolution/hbm/synvoice	3	2+1	0
RVL_SDK/src/revolution/ipc/ipcMain	7	7+0	0
RVL_SDK/src/revolution/ipc/ipcProfile	4	4+0	0
RVL_SDK/src/revolution/ipc/ipcclt	21	21+0	0
RVL_SDK/src/revolution/ipc/memory	4	4+0	0
RVL_SDK/src/revolution/kpad/KPAD	29	17+2	10
RVL_SDK/src/revolution/mem/mem_allocator	5	5+0	0
RVL_SDK/src/revolution/mem/mem_expHeap	8	8+0	0
RVL_SDK/src/revolution/mem/mem_frameHeap	5	5+0	0
RVL_SDK/src/revolution/mem/mem_heapCommon	3	3+0	0
RVL_SDK/src/revolution/mem/mem_list	4	4+0	0
RVL_SDK/src/revolution/mix/mix	10	10+0	0
RVL_SDK/src/revolution/mix/remote	4	4+0	0
RVL_SDK/src/revolution/mtx/mtx	19	19+0	0
RVL_SDK/src/revolution/mtx/mtx44	3	3+0	0
RVL_SDK/src/revolution/mtx/mtxvec	1	1+0	0
RVL_SDK/src/revolution/mtx/quat	7	7+0	0
RVL_SDK/src/revolution/mtx/vec	6	6+0	0
RVL_SDK/src/revolution/nand/NANDCheck	2	2+0	0
RVL_SDK/src/revolution/nand/NANDCore	22	22+0	0
RVL_SDK/src/revolution/nand/NANDLogging	3	2+0	1
RVL_SDK/src/revolution/nand/NANDOpenClose	9	9+0	0
RVL_SDK/src/revolution/nand/nand	25	25+0	0
RVL_SDK/src/revolution/os/OS	20	19+0	1
RVL_SDK/src/revolution/os/OSAlarm	12	12+0	0
RVL_SDK/src/revolution/os/OSAlloc	6	6+0	0
RVL_SDK/src/revolution/os/OSArena	13	13+0	0
RVL_SDK/src/revolution/os/OSAudioSystem	3	3+0	0
RVL_SDK/src/revolution/os/OSCache	20	20+0	0
RVL_SDK/src/revolution/os/OSContext	15	15+0	0
RVL_SDK/src/revolution/os/OSCrc	1	1+0	0
RVL_SDK/src/revolution/os/OSError	4	4+0	0
RVL_SDK/src/revolution/os/OSExec	11	8+0	3
RVL_SDK/src/revolution/os/OSFatal	4	4+0	0
RVL_SDK/src/revolution/os/OSFont	13	12+0	1
RVL_SDK/src/revolution/os/OSInterrupt	11	11+0	0
RVL_SDK/src/revolution/os/OSIpc	3	3+0	0
RVL_SDK/src/revolution/os/OSLaunch	1	1+0	0
RVL_SDK/src/revolution/os/OSLink	1	1+0	0
RVL_SDK/src/revolution/os/OSMemory	15	15+0	0
RVL_SDK/src/revolution/os/OSMessage	4	4+0	0
RVL_SDK/src/revolution/os/OSMutex	4	4+0	0
RVL_SDK/src/revolution/os/OSNandbootInfo	2	2+0	0
RVL_SDK/src/revolution/os/OSNet	8	7+1	0
RVL_SDK/src/revolution/os/OSPlayRecord	4	4+0	0
RVL_SDK/src/revolution/os/OSPlayTime	8	3+0	5
RVL_SDK/src/revolution/os/OSReboot	2	2+0	0
RVL_SDK/src/revolution/os/OSReset	11	9+0	2
RVL_SDK/src/revolution/os/OSRtc	9	9+0	0
RVL_SDK/src/revolution/os/OSStateFlags	2	2+0	0
RVL_SDK/src/revolution/os/OSStateTM	11	11+0	0
RVL_SDK/src/revolution/os/OSSync	2	2+0	0
RVL_SDK/src/revolution/os/OSThread	23	22+0	1
RVL_SDK/src/revolution/os/OSTime	5	5+0	0
RVL_SDK/src/revolution/os/OSUtf	4	4+0	0
RVL_SDK/src/revolution/os/__ppc_eabi_init	5	5+0	0
RVL_SDK/src/revolution/os/__start	6	6+0	0
RVL_SDK/src/revolution/pad/Pad	2	2+0	0
RVL_SDK/src/revolution/sc/scapi	19	19+0	0
RVL_SDK/src/revolution/sc/scapi_prdinfo	3	3+0	0
RVL_SDK/src/revolution/sc/scsystem	21	21+0	0
RVL_SDK/src/revolution/si/SIBios	11	8+0	3
RVL_SDK/src/revolution/si/SISamplingRate	2	2+0	0
RVL_SDK/src/revolution/tpl/TPL	3	3+0	0
RVL_SDK/src/revolution/usb/usb	14	14+0	0
RVL_SDK/src/revolution/vi/i2c	3	3+0	0
RVL_SDK/src/revolution/vi/vi	28	24+0	4
RVL_SDK/src/revolution/vi/vi3in1	16	14+0	2
RVL_SDK/src/revolution/wenc/wenc	1	1+0	0
RVL_SDK/src/revolution/wpad/WPAD	77	69+1	7
RVL_SDK/src/revolution/wpad/WPADEncrypt	3	2+0	1
RVL_SDK/src/revolution/wpad/WPADHIDParser	25	8+2	15
RVL_SDK/src/revolution/wpad/WPADMem	2	2+0	0
RVL_SDK/src/revolution/wpad/debug_msg	1	1+0	0
RVL_SDK/src/revolution/wud/WUD	86	62+2	22
RVL_SDK/src/revolution/wud/WUDHidHost	5	5+0	0
RVL_SDK/src/revolution/wud/debug_msg	1	1+0	0
kyoshin/CArtsInfo	93	44+1	48
kyoshin/CBattery	10	10+0	0
kyoshin/CBgTex	10	10+0	0
kyoshin/CCol6Invite	12	11+0	1
kyoshin/CCol6System	45	29+0	16
kyoshin/CCollepedia	80	63+2	15
kyoshin/CCur	46	46+0	0
kyoshin/CEquipChange	49	39+1	9
kyoshin/CEquipItemBox	121	93+0	28
kyoshin/CErrMes	23	22+0	1
kyoshin/CExchangeWin	16	16+0	0
kyoshin/CFade	14	14+0	0
kyoshin/CFloorMap	75	27+3	45
kyoshin/CGame	57	57+0	0
kyoshin/CItemBoxGrid	144	106+0	38
kyoshin/CItemBoxGridSubMenu	18	13+0	5
kyoshin/CItemBoxInfo	110	62+1	47
kyoshin/CItemBoxLine	77	48+0	29
kyoshin/CKizunaTalkList	35	28+0	7
kyoshin/CKizunagram	83	68+0	15
kyoshin/CLoad	15	12+0	3
kyoshin/CMainMenu	31	23+0	8
kyoshin/CMapSel	26	23+0	3
kyoshin/CMiniMap	33	14+1	18
kyoshin/CModelDisp	20	12+0	8
kyoshin/CNandData	3	3+0	0
kyoshin/CNumSelect	22	21+0	1
kyoshin/COccCulling	12	9+0	3
kyoshin/COption	48	44+0	4
kyoshin/CPartyState	34	28+0	6
kyoshin/CPartyStateWin	45	38+0	7
kyoshin/CPassiveSkill	127	108+0	19
kyoshin/CPcKizunagram	46	34+0	12
kyoshin/CPresentWin	28	25+0	3
kyoshin/CQstLogInfo	26	24+0	2
kyoshin/CQstLogList	35	33+0	2
kyoshin/CQuestWindow	30	26+0	4
kyoshin/CSaveLoad	80	75+1	4
kyoshin/CScrollBar	17	17+0	0
kyoshin/CSelShopWin	15	14+0	1
kyoshin/CSimpleEveTalkWin	12	8+0	4
kyoshin/CSkipTimer	44	40+0	4
kyoshin/CSortMenu	30	22+1	7
kyoshin/CSysWin	21	18+0	3
kyoshin/CSysWinBuff	14	13+0	1
kyoshin/CSysWinSave	14	14+0	0
kyoshin/CSysWinScenarioLog	39	24+0	15
kyoshin/CSysWinSelect	15	15+0	0
kyoshin/CSystemWindow	8	7+0	1
kyoshin/CTagProcessor	127	114+0	13
kyoshin/CTalkWindow	18	13+0	5
kyoshin/CTaskGame	113	100+0	13
kyoshin/CTaskGameEff	28	25+0	3
kyoshin/CTaskGameEvt	18	18+0	0
kyoshin/CTaskGamePic	19	19+0	0
kyoshin/CTimeLightGrp	7	6+0	1
kyoshin/CTitle	66	65+0	1
kyoshin/CTitleAHelp	29	27+0	2
kyoshin/CTutorial	22	14+0	8
kyoshin/CTutorialList	38	35+0	3
kyoshin/CUIBattleManager	37	28+0	9
kyoshin/CUICfManager	89	69+0	20
kyoshin/CUIErrMesWin	37	33+0	4
kyoshin/CUIWindowManager	69	52+0	17
kyoshin/action/CActParamAnim	144	92+0	52
kyoshin/action/CActParamData	178	152+0	26
kyoshin/cf/CActParamAnimGame	33	12+1	20
kyoshin/cf/CArtsParam	18	11+0	7
kyoshin/cf/CArtsSet	15	15+0	0
kyoshin/cf/CBattleManager	78	50+0	28
kyoshin/cf/CCharEffect	22	15+1	6
kyoshin/cf/CCharEffectEne	6	6+0	0
kyoshin/cf/CHelpManager	23	18+0	5
kyoshin/cf/CInfoCf	21	15+0	6
kyoshin/cf/CItem	169	133+1	35
kyoshin/cf/CMcaFile	3	3+0	0
kyoshin/cf/CPartsChange	84	58+1	25
kyoshin/cf/CPcEffect07	23	11+4	8
kyoshin/cf/CSuddenCommu	31	17+0	14
kyoshin/cf/CTaskCulling	28	23+3	2
kyoshin/cf/CTaskEnvironment	36	28+0	8
kyoshin/cf/CTaskGameCf	25	21+0	4
kyoshin/cf/CTaskGameEffAfter	8	8+0	0
kyoshin/cf/CTaskREvent	49	40+0	9
kyoshin/cf/CTaskREvtSequence	69	54+0	15
kyoshin/cf/CVision	38	13+0	25
kyoshin/cf/CfBdat	21	18+0	3
kyoshin/cf/CfCam	181	151+0	30
kyoshin/cf/CfCamDirectionIntf	4	4+0	0
kyoshin/cf/CfCamEvent	16	15+0	1
kyoshin/cf/CfCamEvent_1	39	16+0	23
kyoshin/cf/CfCamLookatIntf	4	4+0	0
kyoshin/cf/CfCamTargetIntf	4	4+0	0
kyoshin/cf/CfCollAABBImpl	2	2+0	0
kyoshin/cf/CfCollCapsuleImpl	2	2+0	0
kyoshin/cf/CfCollCircleImpl	2	2+0	0
kyoshin/cf/CfCollCylinderImpl	2	1+0	1
kyoshin/cf/CfCollSphereImpl	2	2+0	0
kyoshin/cf/CfGameManager	352	309+5	38
kyoshin/cf/CfGimmick	51	45+0	6
kyoshin/cf/CfGimmickElv	14	7+0	7
kyoshin/cf/CfGimmickEne	15	9+0	6
kyoshin/cf/CfGimmickItem	9	8+0	1
kyoshin/cf/CfGimmickJump	9	4+0	5
kyoshin/cf/CfGimmickLock	9	4+0	5
kyoshin/cf/CfGimmickObject	29	16+0	13
kyoshin/cf/CfGimmickSaveOff	3	3+0	0
kyoshin/cf/CfGimmickWarp	15	8+0	7
kyoshin/cf/CfHikariItemManager	24	10+1	13
kyoshin/cf/CfMapEffectManager	16	9+1	6
kyoshin/cf/CfMapItemManager	24	11+0	13
kyoshin/cf/CfMapMineManager	20	7+0	13
kyoshin/cf/CfNandManager	48	33+0	15
kyoshin/cf/CfObjectEnumList	42	29+0	13
kyoshin/cf/CfObjectSelectorObj	18	14+0	4
kyoshin/cf/CfPadTask	26	23+3	0
kyoshin/cf/CfRes	224	212+0	12
kyoshin/cf/CfResObjImpl	14	13+0	1
kyoshin/cf/CfResPcImpl	43	40+0	3
kyoshin/cf/CfResReloadImpl	42	27+1	14
kyoshin/cf/CfResTboxImpl	10	9+1	0
kyoshin/cf/CfScript	40	39+0	1
kyoshin/cf/CfSoundMan	63	50+0	13
kyoshin/cf/CfTFile	34	25+1	8
kyoshin/cf/CfTaskMain	11	10+0	1
kyoshin/cf/CtrlAct	33	13+0	20
kyoshin/cf/CtrlEnemy	41	39+0	2
kyoshin/cf/CtrlMoveBase	20	12+0	8
kyoshin/cf/CtrlMoveEne	45	29+0	16
kyoshin/cf/CtrlMoveNpc	7	3+0	4
kyoshin/cf/CtrlMovePC	20	9+0	11
kyoshin/cf/CtrlNpc	34	25+0	9
kyoshin/cf/CtrlObjectParam	109	69+4	36
kyoshin/cf/CtrlPc	47	37+0	10
kyoshin/cf/CtrlRemote	33	24+0	9
kyoshin/cf/ICamControlClassic	10	10+0	0
kyoshin/cf/ICamControlGc	4	4+0	0
kyoshin/cf/ICamControlRemote	10	10+0	0
kyoshin/cf/IResInfo	76	68+1	7
kyoshin/cf/chain/CChain	54	42+1	11
kyoshin/cf/chain/CChainActorEne	14	12+0	2
kyoshin/cf/chain/CChainActorList	40	29+0	11
kyoshin/cf/chain/CChainActorPc	22	16+0	6
kyoshin/cf/chain/CChainCombo	4	2+0	2
kyoshin/cf/chain/CChainEffect	9	9+0	0
kyoshin/cf/chain/CChainTime	4	4+0	0
kyoshin/cf/chain/CChainTimer	11	3+0	8
kyoshin/cf/code_800C17DC	12	9+0	3
kyoshin/cf/code_800F42AC	9	9+0	0
kyoshin/cf/code_8018F8D8	42	35+0	7
kyoshin/cf/code_801C2C14	11	6+0	5
kyoshin/cf/object/CAIAction	23	11+0	12
kyoshin/cf/object/CActorParam	60	46+0	14
kyoshin/cf/object/CBattleState	39	32+0	7
kyoshin/cf/object/CfObjectActor	26	22+0	4
kyoshin/cf/object/CfObjectColl	68	57+1	10
kyoshin/cf/object/CfObjectEff	53	52+0	1
kyoshin/cf/object/CfObjectEne	137	128+0	9
kyoshin/cf/object/CfObjectMap	20	17+0	3
kyoshin/cf/object/CfObjectModel	61	56+0	5
kyoshin/cf/object/CfObjectMove	127	116+1	10
kyoshin/cf/object/CfObjectNpc	8	5+0	3
kyoshin/cf/object/CfObjectObj	8	7+0	1
kyoshin/cf/object/CfObjectPc	36	31+0	5
kyoshin/cf/object/CfObjectPoint	10	10+0	0
kyoshin/cf/object/CfObjectTbox	4	4+0	0
kyoshin/cf/voice/CCharVoice	8	7+0	1
kyoshin/cf/voice/CCharVoiceMan	60	52+0	8
kyoshin/cf/voice/cvsys/CVS_THREAD	14	10+0	4
kyoshin/cf/voice/cvsys/CVS_THREAD_BATTLE_BEGIN	9	7+0	2
kyoshin/cf/voice/cvsys/CVS_THREAD_BATTLE_END	6	2+0	4
kyoshin/cf/voice/cvsys/CVS_THREAD_BATTLE_END_SP	5	1+0	4
kyoshin/cf/voice/cvsys/CVS_THREAD_BATTLE_MAIN	18	7+0	11
kyoshin/cf/voice/cvsys/CVS_THREAD_BUF	6	3+0	3
kyoshin/cf/voice/cvsys/CVS_THREAD_CHAIN	7	6+0	1
kyoshin/cf/voice/cvsys/CVS_THREAD_DOWN	6	5+0	1
kyoshin/cf/voice/cvsys/CVS_THREAD_EHP	10	2+0	8
kyoshin/cf/voice/cvsys/CVS_THREAD_FAINT	7	6+0	1
kyoshin/cf/voice/cvsys/CVS_THREAD_HAGE	6	5+0	1
kyoshin/cf/voice/cvsys/CVS_THREAD_HP	20	17+0	3
kyoshin/cf/voice/cvsys/CVS_THREAD_PARTY_GAGE	7	6+0	1
kyoshin/cf/voice/cvsys/CVS_THREAD_REVIVE	8	7+0	1
kyoshin/cf/voice/cvsys/CVS_THREAD_SUDDEN	5	4+0	1
kyoshin/cf/voice/cvsys/CVS_THREAD_TENSION_UP	6	5+0	1
kyoshin/cf/voice/cvsys/CVS_THREAD_VISION_BREAK	6	4+0	2
kyoshin/cf/voice/cvsys/CVS_THREAD_VISION_TELL	6	5+0	1
kyoshin/cfsys/CfObjectImplEne	18	16+0	2
kyoshin/cfsys/CfObjectImplMove	36	25+0	11
kyoshin/cfsys/CfObjectImplNpc	11	11+0	0
kyoshin/cfsys/CfObjectImplObj	10	10+0	0
kyoshin/cfsys/CfObjectImplPc	22	10+0	12
kyoshin/cfsys/CfObjectImplWalker	28	18+0	10
kyoshin/code_800A3B24	27	7+0	20
kyoshin/code_800A75FC	50	46+0	4
kyoshin/code_800AA008	12	7+0	5
kyoshin/code_800B06A4	253	204+2	47
kyoshin/code_80135FDC	124	83+0	41
kyoshin/code_801862C0	14	6+0	8
kyoshin/code_801A929C	16	7+1	8
kyoshin/code_801F3BE0	27	24+0	3
kyoshin/code_802405F4	17	10+0	7
kyoshin/code_8025FB10	20	15+0	5
kyoshin/code_8027513C	21	20+0	1
kyoshin/code_80296898	5	5+0	0
kyoshin/code_802B8A3C	6	2+0	4
kyoshin/code_802B9064	1	1+0	0
kyoshin/help/CHelp	7	7+0	0
kyoshin/help/CHelp_ArtsAttack	1	1+0	0
kyoshin/help/CHelp_ArtsSet	1	1+0	0
kyoshin/help/CHelp_CkKizuna	1	1+0	0
kyoshin/help/CHelp_CloseItemMenu	1	1+0	0
kyoshin/help/CHelp_ClosePartyMenu	2	2+0	0
kyoshin/help/CHelp_CloseQuestMenu	1	1+0	0
kyoshin/help/CHelp_CloseSysMenu	1	1+0	0
kyoshin/help/CHelp_EndEvent	1	1+0	0
kyoshin/help/CHelp_EnemyCount	2	2+0	0
kyoshin/help/CHelp_EnemyEnable	1	1+0	0
kyoshin/help/CHelp_EtherMake	2	2+0	0
kyoshin/help/CHelp_Exchange	1	1+0	0
kyoshin/help/CHelp_GameOver	1	1+0	0
kyoshin/help/CHelp_ItemCole	1	1+0	0
kyoshin/help/CHelp_Kizuna	1	1+0	0
kyoshin/help/CHelp_LandMark	7	7+0	0
kyoshin/help/CHelp_LearnArts	2	1+0	1
kyoshin/help/CHelp_OpenPartyMenu	1	1+0	0
kyoshin/help/CHelp_Pg	1	1+0	0
kyoshin/help/CHelp_ShopBuy	1	1+0	0
kyoshin/help/CHelp_ShopSel	1	1+0	0
kyoshin/help/CHelp_Sp	1	1+0	0
kyoshin/help/CHelp_Talk	2	1+0	1
kyoshin/help/CHelp_Target	1	1+0	0
kyoshin/main	9	9+0	0
kyoshin/makecrystal/CMCCrystalBox	89	72+2	15
kyoshin/makecrystal/CMCCrystalInfo	33	27+1	5
kyoshin/makecrystal/CMCCrystalList	34	28+0	6
kyoshin/makecrystal/CMCCrystalSupport	14	9+0	5
kyoshin/makecrystal/CMCCylinderGauge	21	21+0	0
kyoshin/makecrystal/CMCEffStart	96	96+0	0
kyoshin/makecrystal/CMCGetItemBox	47	34+0	13
kyoshin/makecrystal/CMakeCrystalWin	23	17+0	6
kyoshin/makecrystal/CMenuMakeCrystal	17	13+0	4
kyoshin/makecrystal/CModelDispMakeCrystal	80	44+0	36
kyoshin/makecrystal/code_80213488	11	8+2	1
kyoshin/menu/CMenuArtsSelect	46	30+0	16
kyoshin/menu/CMenuArtsSet	110	91+0	19
kyoshin/menu/CMenuBattleChain	23	23+0	0
kyoshin/menu/CMenuBattleCommu	14	11+0	3
kyoshin/menu/CMenuBattleDamage	27	22+0	5
kyoshin/menu/CMenuBattleEnd	12	8+0	4
kyoshin/menu/CMenuBattleMode	9	8+0	1
kyoshin/menu/CMenuBattlePlayerState	20	9+0	11
kyoshin/menu/CMenuBattlePlayerState_ct	1	0+0	1
kyoshin/menu/CMenuCollepedia	16	10+0	6
kyoshin/menu/CMenuEnemyState	33	23+0	10
kyoshin/menu/CMenuFade	14	9+0	5
kyoshin/menu/CMenuGCItem	10	6+0	4
kyoshin/menu/CMenuGameClear	12	7+0	5
kyoshin/menu/CMenuGetItem	21	15+0	6
kyoshin/menu/CMenuGetItemMulti	33	19+0	14
kyoshin/menu/CMenuItem	5	3+0	2
kyoshin/menu/CMenuItemExchange	24	19+0	5
kyoshin/menu/CMenuKeyAssign	15	10+0	5
kyoshin/menu/CMenuKizunaTalk	19	13+0	6
kyoshin/menu/CMenuKizunaTalkList	14	14+0	0
kyoshin/menu/CMenuKizunagram	21	16+0	5
kyoshin/menu/CMenuLandTelop	18	12+0	6
kyoshin/menu/CMenuLvUp	16	13+0	3
kyoshin/menu/CMenuMapSelect	7	3+0	4
kyoshin/menu/CMenuMapSelectSC	17	13+0	4
kyoshin/menu/CMenuOption	14	13+0	1
kyoshin/menu/CMenuPTChangeNotice	16	10+0	6
kyoshin/menu/CMenuPTGauge	19	15+0	4
kyoshin/menu/CMenuPTState	8	6+1	1
kyoshin/menu/CMenuPassiveSkill	17	10+0	7
kyoshin/menu/CMenuPause	12	8+0	4
kyoshin/menu/CMenuPlayAward	48	42+0	6
kyoshin/menu/CMenuQstCnt	32	25+2	5
kyoshin/menu/CMenuQuestLog	23	15+0	8
kyoshin/menu/CMenuSave	14	11+0	3
kyoshin/menu/CMenuSelectShop	15	14+0	1
kyoshin/menu/CMenuShopBuy	15	11+0	4
kyoshin/menu/CMenuShopSell	16	11+1	4
kyoshin/menu/CMenuSkipTimer	14	14+0	0
kyoshin/menu/CMenuSymbolMark	31	13+0	18
kyoshin/menu/CMenuTitle	16	15+0	1
kyoshin/menu/CMenuTutorial	14	13+0	1
kyoshin/menu/CMenuTutorialList	18	14+0	4
kyoshin/menu/CMenuUpdate	36	31+0	5
kyoshin/menu/CMenuVision	19	10+0	9
kyoshin/menu/CMenuZeal	13	10+0	3
kyoshin/menu/code_80187F14	33	21+0	12
kyoshin/menu/code_8018C5FC	4	3+0	1
kyoshin/menu/parts/CModelDispEquip	54	51+0	3
kyoshin/plugin/ocBdat	27	23+0	4
kyoshin/plugin/ocBuiltin	4	4+0	0
kyoshin/plugin/ocCfp	9	9+0	0
kyoshin/plugin/ocMsg	20	19+0	1
kyoshin/plugin/ocThread	11	11+0	0
kyoshin/plugin/ocUnit	109	96+1	12
kyoshin/plugin/pluginBtl	19	14+0	5
kyoshin/plugin/pluginCam	27	26+0	1
kyoshin/plugin/pluginCfs	73	56+2	15
kyoshin/plugin/pluginDeb	4	4+0	0
kyoshin/plugin/pluginEve	20	20+0	0
kyoshin/plugin/pluginGame	2	2+0	0
kyoshin/plugin/pluginHelp	4	4+0	0
kyoshin/plugin/pluginMain	1	1+0	0
kyoshin/plugin/pluginMath	2	2+0	0
kyoshin/plugin/pluginPad	3	3+0	0
kyoshin/plugin/pluginSnd	19	11+0	8
kyoshin/plugin/pluginTime	3	3+0	0
kyoshin/plugin/pluginUi	40	35+0	5
kyoshin/plugin/pluginUnit	13	9+0	4
kyoshin/plugin/pluginVoice	2	2+0	0
kyoshin/plugin/pluginWait	2	2+0	0
kyoshin/realtimeevt/CREvtCamera	15	11+0	4
kyoshin/realtimeevt/CREvtEffect	13	8+0	5
kyoshin/realtimeevt/CREvtLight	7	5+0	2
kyoshin/realtimeevt/CREvtMem	7	5+0	2
kyoshin/realtimeevt/CREvtModel	18	14+0	4
kyoshin/realtimeevt/CREvtModelMap	17	11+0	6
kyoshin/realtimeevt/CREvtModelObj	22	16+0	6
kyoshin/realtimeevt/CREvtModelPc	18	12+0	6
kyoshin/realtimeevt/CREvtMovie	7	4+0	3
kyoshin/realtimeevt/CREvtObj	6	6+0	0
monolib/device/CDeviceGX	1	1+0	0
monolib/src/coli/CColiProc	12	7+0	5
monolib/src/coli/code_804A6C60	108	55+0	53
monolib/src/coli/code_804B2FF0	38	20+0	18
monolib/src/coli/code_804B59C8	61	18+1	42
monolib/src/coli/code_804BAE10	20	11+0	9
monolib/src/core/CArcItem	5	4+0	1
monolib/src/core/CDesktop	19	17+0	2
monolib/src/core/CDrawGX	20	19+0	1
monolib/src/core/CException	18	9+2	7
monolib/src/core/CFontLayer	10	10+0	0
monolib/src/core/CPackItem	9	4+0	5
monolib/src/core/CPadManager	20	16+0	4
monolib/src/core/CProc	11	8+0	3
monolib/src/core/CProcRoot	5	5+0	0
monolib/src/core/CRsrc	9	9+0	0
monolib/src/core/CRsrcData	10	10+0	0
monolib/src/core/CSchedule	4	2+0	2
monolib/src/core/CScriptCode	9	2+0	7
monolib/src/core/CSplitFrame	8	6+0	2
monolib/src/core/CTaskManager	16	16+0	0
monolib/src/core/CToken	7	3+0	4
monolib/src/core/CView	45	32+1	12
monolib/src/core/CViewFrame	15	4+2	9
monolib/src/core/CViewRectDataCore	3	3+0	0
monolib/src/core/CViewRoot	21	13+0	8
monolib/src/core/ScheduleList	21	15+0	6
monolib/src/core/code_804DEDA8	64	25+0	39
monolib/src/core/code_804E36DC	18	13+0	5
monolib/src/core/code_804EE558	12	5+1	6
monolib/src/core/code_804F0258	22	8+0	14
monolib/src/core/monolib_eu_804F9E98	3	2+1	0
monolib/src/device/CDevice	17	12+0	5
monolib/src/device/CDeviceClock	12	8+0	4
monolib/src/device/CDeviceFile	31	22+2	7
monolib/src/device/CDeviceFileCri	25	16+0	9
monolib/src/device/CDeviceFileDvd	23	14+0	9
monolib/src/device/CDeviceFileJob	5	5+0	0
monolib/src/device/CDeviceFileJobReadDvd	8	8+0	0
monolib/src/device/CDeviceFont	25	18+0	7
monolib/src/device/CDeviceFontInfoExt	15	13+0	2
monolib/src/device/CDeviceFontInfoRom	15	15+0	0
monolib/src/device/CDeviceFontLayer	20	11+0	9
monolib/src/device/CDeviceFontLoader	6	6+0	0
monolib/src/device/CDeviceGX	19	18+0	1
monolib/src/device/CDeviceRemotePad	13	13+0	0
monolib/src/device/CDeviceSC	10	10+0	0
monolib/src/device/CDeviceVI	38	31+0	7
monolib/src/device/CDeviceVICb	2	2+0	0
monolib/src/device/CGXCache	48	32+0	16
monolib/src/effect/CERand	16	2+0	14
monolib/src/effect/CETrail	14	8+0	6
monolib/src/effect/code_804C8684	5	4+0	1
monolib/src/effect/code_804C8718	34	25+0	9
monolib/src/effect/code_804CC2B8	55	25+0	30
monolib/src/effect/code_804D854C	8	6+0	2
monolib/src/effect/code_804D9274	7	2+0	5
monolib/src/effect/code_804DB938	12	4+0	8
monolib/src/lib/CLib	6	6+0	0
monolib/src/lib/CLibCri	35	34+0	1
monolib/src/lib/CLibCriMoviePlay	22	16+0	6
monolib/src/lib/CLibCriStreamingPlay	22	11+0	11
monolib/src/lib/CLibG3d	6	6+0	0
monolib/src/lib/CLibHbm	25	25+0	0
monolib/src/lib/CLibHbmControl	8	4+0	4
monolib/src/lib/CLibLayout	16	14+0	2
monolib/src/lib/CLibStaticData	12	12+0	0
monolib/src/lib/CLibVM	7	6+0	1
monolib/src/lib/Class_8045F858	2	2+0	0
monolib/src/lib/UnkClass_8045F564	6	5+0	1
monolib/src/lib/UnkClass_80460308	2	1+0	1
monolib/src/lib/UnkClass_80460C34	7	4+0	3
monolib/src/lod/CLODCacheManagerS	10	6+0	4
monolib/src/lod/CTaskLOD	38	38+0	0
monolib/src/lod/LODMemMan	80	62+0	18
monolib/src/lod/UnkClass_8046368C	15	8+0	7
monolib/src/lod/UnkClass_80466348	67	64+0	3
monolib/src/lod/code_804645CC	14	8+0	6
monolib/src/lod/code_80468434	17	11+0	6
monolib/src/lod/code_8046A530	12	5+0	7
monolib/src/math/CAttrTransform	2	1+0	1
monolib/src/math/CCamUtil	1	1+0	0
monolib/src/math/CCol3	1	0+1	0
monolib/src/math/CCol4	1	0+1	0
monolib/src/math/CMat34	5	5+0	0
monolib/src/math/CMat44	1	0+1	0
monolib/src/math/CPlane	2	0+0	2
monolib/src/math/CQuat	4	3+1	0
monolib/src/math/CRect16	2	2+0	0
monolib/src/math/CVec3	2	2+0	0
monolib/src/math/CVec4	1	0+1	0
monolib/src/math/FloatUtils	1	1+0	0
monolib/src/math/MTRand	6	4+0	2
monolib/src/math/Main	1	1+0	0
monolib/src/math/Random	4	4+0	0
monolib/src/mpfsys/MPFDrawBillLayTex	11	4+1	6
monolib/src/mpfsys/MPFDrawBillboard	1	0+1	0
monolib/src/mpfsys/MPFDrawCross	1	0+1	0
monolib/src/mpfsys/MPFDrawDisplayList	22	10+0	12
monolib/src/mpfsys/MPFDrawMdlColor	5	5+0	0
monolib/src/mpfsys/MPFDrawMdlNoColor	1	0+1	0
monolib/src/mpfsys/UnkClass_80471EC8	39	25+0	14
monolib/src/mpfsys/code_8047BB54	18	14+0	4
monolib/src/mpfsys/code_8047CA88	3	0+1	2
monolib/src/nand/CNBanner	9	6+0	3
monolib/src/nand/CNReqtaskCheck	3	3+0	0
monolib/src/nand/CNReqtaskLoad	3	3+0	0
monolib/src/nand/CNReqtaskReaddir	3	3+0	0
monolib/src/nand/CNReqtaskRemove	3	3+0	0
monolib/src/nand/CNReqtaskSave	33	33+0	0
monolib/src/nand/CNReqtaskSaveBanner	5	4+0	1
monolib/src/nand/CNand	14	13+1	0
monolib/src/scn/CLight	13	5+1	7
monolib/src/scn/CMdlAnmEye	5	4+0	1
monolib/src/scn/CMdlAnmUV	5	3+0	2
monolib/src/scn/CMdlDynamics	66	50+3	13
monolib/src/scn/CMdlLook	8	5+0	3
monolib/src/scn/CMdlMaterial	10	4+0	6
monolib/src/scn/CMdlMouth	7	7+0	0
monolib/src/scn/CScn	52	44+0	8
monolib/src/scn/CScnBlend	5	4+1	0
monolib/src/scn/CScnBloom	15	11+0	4
monolib/src/scn/CScnCameraMan	17	10+0	7
monolib/src/scn/CScnEffectActNw4r	27	27+0	0
monolib/src/scn/CScnEnvLgtCtrl	127	88+1	38
monolib/src/scn/CScnFadeMan	8	4+0	4
monolib/src/scn/CScnFilter	3	3+0	0
monolib/src/scn/CScnFilterMan	75	68+0	7
monolib/src/scn/CScnFogMan	8	7+0	1
monolib/src/scn/CScnFrame	3	3+0	0
monolib/src/scn/CScnIdMan	4	4+0	0
monolib/src/scn/CScnItemAnim	6	6+0	0
monolib/src/scn/CScnItemCamera	16	8+0	8
monolib/src/scn/CScnItemCameraNw4r	9	9+0	0
monolib/src/scn/CScnItemId	6	5+0	1
monolib/src/scn/CScnItemLight	7	7+0	0
monolib/src/scn/CScnItemLightNw4r	1	1+0	0
monolib/src/scn/CScnItemModel	69	61+0	8
monolib/src/scn/CScnItemModelNw4r	84	68+1	15
monolib/src/scn/CScnItemPool	44	37+0	7
monolib/src/scn/CScnLightMan	5	4+0	1
monolib/src/scn/CScnMaruShadowNw4r	16	10+0	6
monolib/src/scn/CScnMem	16	16+0	0
monolib/src/scn/CScnRoot	8	6+0	2
monolib/src/scn/CScnRootNw4r	25	16+0	9
monolib/src/scn/CScnTexWorkMan	16	11+0	5
monolib/src/scn/CScnVirtualLight	88	80+0	8
monolib/src/scn/CScn_80496B0C	29	19+0	10
monolib/src/scn/CVirtualLightAmb	2	2+0	0
monolib/src/scn/CVirtualLightDir	3	3+0	0
monolib/src/scn/CVirtualLightObj	20	14+0	6
monolib/src/scn/UnkClass_8047CD0C	16	15+0	1
monolib/src/scn/UnkClass_8047E110	30	11+0	19
monolib/src/scn/code_8047D2AC	9	5+0	4
monolib/src/scn/code_8049431C	5	4+0	1
monolib/src/scn/code_804BC9EC	12	10+0	2
monolib/src/scn/code_804BD8E8	36	27+0	9
monolib/src/scn/code_804BF59C	12	6+0	6
monolib/src/util/CChildListNode	2	2+0	0
monolib/src/util/CDoubleListNode	5	5+0	0
monolib/src/util/CErrorWii	14	14+0	0
monolib/src/util/CPathUtil	4	3+0	1
monolib/src/util/CStopwatchUtil	4	4+0	0
monolib/src/util/MemManager	34	25+0	9
monolib/src/vm/yvm2	96	81+0	15
monolib/src/vm/yvm_debug	4	4+0	0
monolib/src/work/CEvent1	2	2+0	0
monolib/src/work/CProcess	21	19+0	2
monolib/src/work/CWorkControl	9	8+0	1
monolib/src/work/CWorkFlowSetup	5	4+0	1
monolib/src/work/CWorkFlowShutdownAll	1	1+0	0
monolib/src/work/CWorkFlowWiiMenu	1	1+0	0
monolib/src/work/CWorkFlowWiiPowerOff	1	1+0	0
monolib/src/work/CWorkFlowWiiReset	1	1+0	0
monolib/src/work/CWorkRoot	23	21+0	2
monolib/src/work/CWorkSystem	12	11+0	1
monolib/src/work/CWorkSystemCache	14	13+1	0
monolib/src/work/CWorkSystemMem	5	4+0	1
monolib/src/work/CWorkSystemPack	23	17+0	6
monolib/src/work/CWorkThread	20	9+0	11
monolib/src/work/CWorkThreadSystem	4	4+0	0
monolib/src/work/CWorkUtil	4	3+0	1
nw4r/src/db/db_DbgPrintBase	1	1+0	0
nw4r/src/db/db_assert	2	2+0	0
nw4r/src/db/db_console	2	2+0	0
nw4r/src/dw/dw_Window	1	1+0	0
nw4r/src/g3d/dcc/g3d_3dsmax	15	7+1	7
nw4r/src/g3d/dcc/g3d_basic	2	2+0	0
nw4r/src/g3d/dcc/g3d_maya	16	7+0	9
nw4r/src/g3d/dcc/g3d_xsi	16	8+0	8
nw4r/src/g3d/g3d_anmchr	50	44+0	6
nw4r/src/g3d/g3d_anmclr	25	17+2	6
nw4r/src/g3d/g3d_anmobj	4	4+0	0
nw4r/src/g3d/g3d_anmscn	45	38+2	5
nw4r/src/g3d/g3d_anmshp	1	1+0	0
nw4r/src/g3d/g3d_anmtexpat	23	19+2	2
nw4r/src/g3d/g3d_anmtexsrt	24	16+2	6
nw4r/src/g3d/g3d_anmvis	2	2+0	0
nw4r/src/g3d/g3d_calcmaterial	1	0+0	1
nw4r/src/g3d/g3d_calcview	11	2+0	9
nw4r/src/g3d/g3d_calcvtx	1	0+0	1
nw4r/src/g3d/g3d_calcworld	5	3+0	2
nw4r/src/g3d/g3d_camera	21	21+0	0
nw4r/src/g3d/g3d_dcc	2	2+0	0
nw4r/src/g3d/g3d_draw	13	7+0	6
nw4r/src/g3d/g3d_draw1mat1shp	2	0+0	2
nw4r/src/g3d/g3d_fog	6	6+0	0
nw4r/src/g3d/g3d_init	2	2+0	0
nw4r/src/g3d/g3d_light	23	23+0	0
nw4r/src/g3d/g3d_obj	5	3+2	0
nw4r/src/g3d/g3d_scnmdl	25	19+3	3
nw4r/src/g3d/g3d_scnmdlexpand	10	8+1	1
nw4r/src/g3d/g3d_scnmdlsmpl	25	19+1	5
nw4r/src/g3d/g3d_scnobj	39	39+0	0
nw4r/src/g3d/g3d_scnproc	6	6+0	0
nw4r/src/g3d/g3d_scnroot	38	31+1	6
nw4r/src/g3d/g3d_state	47	30+1	16
nw4r/src/g3d/g3d_transform	3	3+0	0
nw4r/src/g3d/g3d_workmem	5	5+0	0
nw4r/src/g3d/platform/g3d_cpu	3	3+0	0
nw4r/src/g3d/platform/g3d_gpu	7	6+0	1
nw4r/src/g3d/res/g3d_resanm	2	2+0	0
nw4r/src/g3d/res/g3d_resanmamblight	1	1+0	0
nw4r/src/g3d/res/g3d_resanmcamera	1	1+0	0
nw4r/src/g3d/res/g3d_resanmchr	23	23+0	0
nw4r/src/g3d/res/g3d_resanmclr	1	1+0	0
nw4r/src/g3d/res/g3d_resanmfog	1	1+0	0
nw4r/src/g3d/res/g3d_resanmlight	1	1+0	0
nw4r/src/g3d/res/g3d_resanmscn	19	19+0	0
nw4r/src/g3d/res/g3d_resanmtexpat	3	3+0	0
nw4r/src/g3d/res/g3d_resanmtexsrt	1	1+0	0
nw4r/src/g3d/res/g3d_rescommon	5	5+0	0
nw4r/src/g3d/res/g3d_resdict	6	6+0	0
nw4r/src/g3d/res/g3d_resfile	25	25+0	0
nw4r/src/g3d/res/g3d_reslightset	1	1+0	0
nw4r/src/g3d/res/g3d_resmat	56	56+0	0
nw4r/src/g3d/res/g3d_resmdl	33	33+0	0
nw4r/src/g3d/res/g3d_resnode	3	3+0	0
nw4r/src/g3d/res/g3d_resshp	8	8+0	0
nw4r/src/g3d/res/g3d_restev	14	11+0	3
nw4r/src/g3d/res/g3d_restex	7	7+0	0
nw4r/src/g3d/res/g3d_resvtx	17	17+0	0
nw4r/src/lyt/lyt_animation	27	18+0	9
nw4r/src/lyt/lyt_arcResourceAccessor	7	7+0	0
nw4r/src/lyt/lyt_bounding	5	4+1	0
nw4r/src/lyt/lyt_common	14	14+0	0
nw4r/src/lyt/lyt_drawInfo	2	2+0	0
nw4r/src/lyt/lyt_group	5	5+0	0
nw4r/src/lyt/lyt_init	1	1+0	0
nw4r/src/lyt/lyt_layout	19	11+0	8
nw4r/src/lyt/lyt_material	78	73+0	5
nw4r/src/lyt/lyt_pane	36	36+0	0
nw4r/src/lyt/lyt_picture	13	13+0	0
nw4r/src/lyt/lyt_resourceAccessor	3	3+0	0
nw4r/src/lyt/lyt_texMap	5	5+0	0
nw4r/src/lyt/lyt_textBox	25	15+2	8
nw4r/src/lyt/lyt_util	1	1+0	0
nw4r/src/lyt/lyt_window	21	20+0	1
nw4r/src/math/math_arithmetic	3	3+0	0
nw4r/src/math/math_geometry	8	8+0	0
nw4r/src/math/math_triangular	4	4+0	0
nw4r/src/math/math_types	12	11+0	1
nw4r/src/snd/snd_AxManager	26	19+0	7
nw4r/src/snd/snd_AxVoice	35	26+0	9
nw4r/src/snd/snd_AxVoiceManager	9	9+0	0
nw4r/src/snd/snd_AxfxImpl	6	6+0	0
nw4r/src/snd/snd_Bank	3	2+0	1
nw4r/src/snd/snd_BankFile	5	5+0	0
nw4r/src/snd/snd_BasicPlayer	12	11+0	1
nw4r/src/snd/snd_BasicSound	35	29+1	5
nw4r/src/snd/snd_BiquadFilterPreset	5	5+0	0
nw4r/src/snd/snd_Channel	18	16+0	2
nw4r/src/snd/snd_DisposeCallbackManager	6	6+0	0
nw4r/src/snd/snd_EnvGenerator	10	8+2	0
nw4r/src/snd/snd_ExternalSoundPlayer	3	1+0	2
nw4r/src/snd/snd_FxChorusDpl2	9	9+0	0
nw4r/src/snd/snd_FxDelayDpl2	9	9+0	0
nw4r/src/snd/snd_FxReverbStdDpl2	9	9+0	0
nw4r/src/snd/snd_InstancePool	5	5+0	0
nw4r/src/snd/snd_Lfo	4	4+0	0
nw4r/src/snd/snd_McsSoundArchive	3	3+0	0
nw4r/src/snd/snd_MemorySoundArchive	21	21+0	0
nw4r/src/snd/snd_MidiSeqPlayer	11	11+0	0
nw4r/src/snd/snd_MmlParser	5	2+1	2
nw4r/src/snd/snd_MmlSeqTrack	3	3+0	0
nw4r/src/snd/snd_MmlSeqTrackAllocator	6	6+0	0
nw4r/src/snd/snd_PlayerHeap	8	6+2	0
nw4r/src/snd/snd_RemoteSpeaker	9	8+0	1
nw4r/src/snd/snd_RemoteSpeakerManager	5	5+0	0
nw4r/src/snd/snd_SeqFile	3	2+0	1
nw4r/src/snd/snd_SeqPlayer	25	19+0	6
nw4r/src/snd/snd_SeqSound	23	14+0	9
nw4r/src/snd/snd_SeqSoundHandle	1	0+0	1
nw4r/src/snd/snd_SeqTrack	18	15+0	3
nw4r/src/snd/snd_SoundArchive	24	23+0	1
nw4r/src/snd/snd_SoundArchiveFile	23	19+0	4
nw4r/src/snd/snd_SoundArchivePlayer	32	24+0	8
nw4r/src/snd/snd_SoundHandle	3	3+0	0
nw4r/src/snd/snd_SoundPlayer	20	20+0	0
nw4r/src/snd/snd_SoundStartable	1	1+0	0
nw4r/src/snd/snd_SoundSystem	5	5+0	0
nw4r/src/snd/snd_SoundThread	9	9+0	0
nw4r/src/snd/snd_StrmChannel	4	4+0	0
nw4r/src/snd/snd_StrmFile	9	8+0	1
nw4r/src/snd/snd_StrmPlayer	45	36+0	9
nw4r/src/snd/snd_StrmSound	16	14+1	1
nw4r/src/snd/snd_StrmSoundHandle	1	1+0	0
nw4r/src/snd/snd_Task	1	1+0	0
nw4r/src/snd/snd_TaskManager	12	12+0	0
nw4r/src/snd/snd_TaskThread	5	5+0	0
nw4r/src/snd/snd_Util	8	8+0	0
nw4r/src/snd/snd_Voice	48	44+0	4
nw4r/src/snd/snd_VoiceManager	11	11+0	0
nw4r/src/snd/snd_WaveFile	6	4+0	2
nw4r/src/snd/snd_WaveSound	15	13+1	1
nw4r/src/snd/snd_WaveSoundHandle	1	1+0	0
nw4r/src/snd/snd_WsdFile	4	4+0	0
nw4r/src/snd/snd_WsdPlayer	25	23+0	2
nw4r/src/snd/snd_adpcm	1	1+0	0
nw4r/src/ut/ut_ArchiveFontBase	24	16+0	8
nw4r/src/ut/ut_CharStrmReader	4	4+0	0
nw4r/src/ut/ut_CharWriter	12	7+0	5
nw4r/src/ut/ut_DvdFileStream	1	1+0	0
nw4r/src/ut/ut_FileStream	3	3+0	0
nw4r/src/ut/ut_Font	1	1+0	0
nw4r/src/ut/ut_IOStream	5	5+0	0
nw4r/src/ut/ut_LinkList	5	5+0	0
nw4r/src/ut/ut_LockedCache	8	8+0	0
nw4r/src/ut/ut_PackedFont	12	3+0	9
nw4r/src/ut/ut_ResFont	4	4+0	0
nw4r/src/ut/ut_ResFontBase	29	29+0	0
nw4r/src/ut/ut_RomFont	25	25+0	0
nw4r/src/ut/ut_TagProcessorBase	8	8+0	0
nw4r/src/ut/ut_TextWriterBase	12	5+0	7
nw4r/src/ut/ut_binaryFileFormat	1	1+0	0
